CASE;SERIAL;REF;QUESTNNR;MODE;STARTED;DP01_01;CC01_01;CC01_02;CC01_03;CC01_04;CC01_05;CC01_06;CC01_07;CC01_08;CC01_09;CC01_10;CC01_11;CC01_12;CC01_13;CC01_14;CC01_15;CC01_16;AI01_01;AI01_02;AI01_03;AI01_04;AI01_05;AI01_06;AI01_07;AI01_08;AI01_09;AI01_10;AI01_11;AI01_12;AI01_13;AI01_14;AI01_15;AI01_16;AI01_17;AI01_18;AI01_19;AI01_20;AO01_01;AO01_02;AO01_03;AO01_04;AO01_05;AO01_06;AO01_07;AO01_08;AO01_09;AO01_10;AO01_11;AO01_12;AO01_13;AO01_14;AO01_15;AO01_16;AO01_17;AO01_18;AO01_19;AO01_20;IV01_01;ID01_01;SO01_01;SC01_01;SC02_01;SC03_01;DF02;DF01_01;DF03;DF04;DF04_04;DF05;DF05_02;TIME001;TIME002;TIME003;TIME004;TIME006;TIME007;TIME008;TIME009;TIME010;TIME011;TIME012;TIME_SUM;MAILSENT;LASTDATA;FINISHED;Q_VIEWER;LASTPAGE;MAXPAGE;MISSING;MISSREL;TIME_RSI;DEG_TIME
Interview-Nummer (fortlaufend);Seriennummer (sofern verwendet);Referenz (sofern im Link angegeben);Fragebogen, der im Interview verwendet wurde;Interview-Modus;Zeitpunkt zu dem das Interview begonnen hat;des_plan: [01];NCC: Ich mag es nicht, wenn die Aussage einer Person mehrdeutig ist.;NCC: Ich finde, nachdem ich eine Lösung für ein Problem gefunden habe, ist es Zeitverschwendung, weitere mögliche Lösungen in Betracht zu ziehen.;NCC: Ich mag keine unvorhersehbaren Situationen.;NCC: Ich finde es spannend nicht zu wissen, was das Leben einem bringen wird. (umgepolt);NCC: Ein Problem aus verschiedenen Blickwinkeln zu betrachten, führt nur zu Verwirrung.;NCC: Im Allgemeinen suche ich nicht nach Alternativlösungen für Probleme, für welche ich schon eine Lösung parat habe.;NCC: Ich bevorzuge die Gesellschaft guter Freunde, weil ich weiß, was ich von ihnen zu erwarten habe.;NCC: Ich fühle mich unbehaglich, wenn ich es nicht schaffe eine schnelle Antwort auf Probleme zu geben, denen ich gegenüber stehe.;NCC: Ich bevorzuge Tätigkeiten, bei denen stets klar ist, was getan und wie es getan werden muss.;NCC: Wenn ich ein Problem lösen muss, verschwende ich im Allgemeinen keine Zeit damit, die unterschiedlichen Standpunkte dazu zu erwägen.;NCC: Ich mag Aufgaben, bei denen noch unklar ist, wie der genaue Lösungsweg aussieht. (umgepolt);NCC: Ich liebe die Ungewissheit und die Überraschung, die oft im Alltäglichen steckt. (umgepolt);NCC: Jedwede Lösung eines Problems ist besser, als in einem Zustand der Ungewissheit zu verharren.;NCC: Ich ziehe Dinge, die ich gewohnt bin, solchen vor, die ich nicht kenne und die ich nicht vorhersagen kann.;NCC: Im Allgemeinen vermeide ich es, mich an Diskussionen über uneindeutige und umstrittene Themen zu beteiligen.;NCC: Ich bevorzuge es, mich für die erstmögliche Lösung zu entscheiden, anstelle lange darüber nachzudenken, was für eine Entscheidung ich treffen sollte.;attributes ingroup: unangenehm;attributes ingroup: einfallsreich;attributes ingroup: hochnäsig;attributes ingroup: respektlos;attributes ingroup: launisch;attributes ingroup: habgierig;attributes ingroup: aggressiv;attributes ingroup: frech;attributes ingroup: unterhaltsam;attributes ingroup: unordentlich;attributes ingroup: aufmerksam;attributes ingroup: fleißig;attributes ingroup: intelligent;attributes ingroup: praktisch;attributes ingroup: sorgfältig;attributes ingroup: logisch;attributes ingroup: opportunistisch;attributes ingroup: tolerant;attributes ingroup: überheblich;attributes ingroup: leichtgläubig;attributes outgroup: unangenehm;attributes outgroup: einfallsreich;attributes outgroup: hochnäsig;attributes outgroup: respektlos;attributes outgroup: launisch;attributes outgroup: habgierig;attributes outgroup: aggressiv;attributes outgroup: frech;attributes outgroup: unterhaltsam;attributes outgroup: unordentlich;attributes outgroup: aufmerksam;attributes outgroup: fleißig;attributes outgroup: intelligent;attributes outgroup: praktisch;attributes outgroup: sorgfältig;attributes outgroup: logisch;attributes outgroup: opportunistisch;attributes outgroup: tolerant;attributes outgroup: überheblich;attributes outgroup: leichtgläubig;condition: condition;Identification_Green: Wie sehr identifizieren Sie sich mit der Gruppe des grünen Areals des Planten Mesetecomi?;similarity outgroup_super: Wie ähnlich sind Ihnen die BewohnerInnen des gezeigten Areals?;Suspicion1: [01];Suspicion2: [01];Suspicion3: [01];Geschlecht;Alter: Alter;Schulbildung;Aktuelle Tätigkeit;Aktuelle Tätigkeit: sonstiges;Staatsbürgerschaft;Staatsbürgerschaft: sonstiges;Verweildauer Seite 1;Verweildauer Seite 2;Verweildauer Seite 3;Verweildauer Seite 4;Verweildauer Seite 6;Verweildauer Seite 7;Verweildauer Seite 8;Verweildauer Seite 9;Verweildauer Seite 10;Verweildauer Seite 11;Verweildauer Seite 12;Verweildauer gesamt (ohne Ausreißer);Versandzeitpunkt der Einladungsmail (nur für nicht-anonyme Adressaten);Zeitpunkt als der Datensatz das letzte mal geändert wurde;Wurde die Befragung abgeschlossen (letzte Seite erreicht)?;Hat der Teilnehmer den Fragebogen nur angesehen, ohne die Pflichtfragen zu beantworten?;Seite, die der Teilnehmer zuletzt bearbeitet hat;Letzte Seite, die im Fragebogen bearbeitet wurde;Anteil fehlender Antworten in Prozent;Anteil fehlender Antworten (gewichtet nach Relevanz);Maluspunkte für schnelles Ausfüllen;Maluspunkte für schnelles Ausfüllen
53;;;base;interview;11.04.2017 11:40;Das Leben im grünen Areal stelle ich mir ziemlich öde vor. Es ist bis auf ein paar Krater eine recht leere Ebene ohne Vegetation, die Umgebung sieht überall gleich aus, es gibt nicht viel zu erkunden. Wahrscheinlich schlafen die Bewohner dort die meiste Zeit.;5;1;4;1;2;4;6;3;2;2;1;2;5;4;2;2;1;3;2;2;3;2;2;2;3;2;4;3;4;4;4;4;3;4;3;2;3;4;3;2;3;2;3;3;4;4;4;3;3;4;3;3;4;4;3;4;6;2;4;-;ja, über Out-Group-Effekte;Outgroup-Effekte zu messen;1;19;5;2;;1;;1187;5;281;142;73;;;87;;74;14;1863;;11.04.2017 12:11;1;0;12;12;0;0;0,91;3
54;;;base;interview;11.04.2017 11:47;"Kalt, fruchtbar, landschaftlich schön 
Vielfältige Flora und Fauna";4;1;6;2;1;4;6;6;4;2;3;2;3;5;6;5;3;3;3;3;3;3;3;3;3;3;3;3;3;3;3;3;3;3;3;3;3;3;3;3;3;3;3;3;3;3;3;3;3;3;3;3;3;3;3;3;3;3;3;Nein;Nein;"Keine Ahnung, wüsste ich aber gerne...:)
";1;22;5;2;;1;;764;5;40;104;35;;34;;;24;12;1018;;11.04.2017 12:04;1;0;12;12;0;0;1,84;47
55;;;base;interview;11.04.2017 11:49;Das grüne Areal ist das naturbezogene Areal. Hier leben nur Veganer. Die drei unterschiedlichen Grünen Flecke bezeichnen drei große Stämme. Sie sind alle miteinander befreundet, es herrscht nie Krieg. Hier lebt man für das Wohlergehen der Familie, Natur und der Tiere.;1;1;1;1;1;2;6;3;2;3;1;1;3;3;1;1;1;5;1;1;1;1;1;3;5;1;5;5;5;3;5;3;1;5;1;3;3;3;5;3;4;4;4;1;3;4;1;4;5;3;4;3;3;1;4;4;7;4;1;ja, man musste sich mit dem grünen Areal beschäftigen bevor man FRagen dazu beantwortet, mit dem blauen jedoch nicht was zu unsicheren und nicht direkt beantwortbaren Problemen führte;Nein;Wie schnell man auf gewisse Situationen reagiert. Etwas bekanntes mit dem man sich beschäftigt hat wird schneller und positiver bewertet als etwas womit man plötzlich befragt wird. denke ich. ;1;24;5;2;;1;;1091;7;222;163;67;;;;135;163;17;1801;;11.04.2017 12:20;1;0;12;12;0;0;0,75;1
56;;;base;interview;11.04.2017 11:51;"Das grüne Areal liegt von den hier abgebildeten Arealen am zentralsten. Ich gehe daher davon aus, dass die hier angebotenen Wohnräume sehr begehrt sind. Meine Nachbarn (und scheinbar auch ich) sind offensichtlich privilegiert in diesem Areal wohnen zu dürfen.
Sofern dies möglich ist, gehe ich davon aus, dass in diesem Areal (aufgrund der Farbe grün) besonders viele Grünflächen angelegt wurden.";4;1;2;3;1;2;5;3;5;2;3;3;1;3;2;3;3;3;3;3;3;3;3;3;3;3;3;3;3;3;3;3;3;3;3;3;3;3;3;3;3;3;3;3;3;3;3;3;3;3;3;3;3;3;3;3;2;2;3;Naja, ich empfinde die Fragen als recht sinnlos.;Nicht wirklich.;Die Einschätzung der eigenen Gruppe gegenüber anderen Gruppen.;2;19;5;2;;1;;7762;16;233;135;32;57;;;;86;19;1868;;11.04.2017 14:10;1;0;12;12;0;0;0,81;5
57;;;base;interview;11.04.2017 11:53;sicher, da umgeben von zwei weiteren Kolonien. Es gibt reichlich Wasser und Früchte alles im Überfluss.;6;3;4;3;3;5;6;4;3;2;4;4;1;4;3;1;1;5;4;1;1;1;2;4;5;1;5;5;5;2;5;5;4;3;2;3;4;2;4;4;4;5;4;3;2;2;4;4;5;2;4;5;4;2;4;1;1;3;1;Die Farben, die zwei letzten Seiten wurden in der Reihenfolge vertauscht;Nein;Wie schnell man sich entscheidet bei Themen, bei denen man letztlich willkürlich antworten kann ;1;21;5;2;;1;;858;8;60;204;71;82;;;;92;12;1387;;11.04.2017 12:16;1;0;12;12;0;0;1,07;11
58;;;base;interview;11.04.2017 12:07;Im grünen Areal bin ich von zwei Nachbararealen Umgeben, die mir eine gute Möglichkeit geben Handel zu treiben. Da ich keine Ressourcen erkenn kann und wie mir scheint jedes Areal an Wasser grenzt, sollte es hier keine Streitereien um Ressourcen geben. Ich stelle mir somit eine friedliche Co-Existenz vor.;4;5;5;3;3;5;2;4;4;4;3;5;5;5;5;4;2;3;2;3;3;1;1;4;5;5;3;3;4;2;2;3;1;2;4;2;1;3;5;1;4;1;3;3;4;2;2;3;5;2;3;4;2;3;4;1;2;3;3;Nein;Nein;Keine Ahnung;2;26;5;2;;1;;5041;5;160;121;66;73;;;;18;14;1757;;11.04.2017 13:39;1;0;12;12;0;0;1,11;26
59;;;base;interview;11.04.2017 12:10;Das Leben gestaltet sich aufgrund der klimatischen Bedingungen sehr schwierig. Aufgrund der weiten, ebenen Fläche ist man jeglichen Naturgewalten schutzlos ausgeliefert.;2;1;2;3;1;3;3;2;2;2;3;2;4;2;2;1;3;4;2;1;1;2;1;2;4;1;4;3;3;4;4;4;3;4;2;1;2;4;2;2;2;1;3;2;4;2;4;4;4;4;4;4;3;4;2;1;5;1;3;;;;2;23;5;2;;1;;6671;6;113;102;49;;;48;;16;15;1649;;11.04.2017 14:07;1;0;12;12;4;4;1,23;33
62;;;base;interview;11.04.2017 12:19;Als Bewohner des grünen Areals geht es einem besser als in den anderen Arealen. Das grüne Areal liegt im Mittelpunt und in der Nähe von drei Kratern und hat somit sehr viel zu bieten.;3;2;3;2;2;4;5;3;4;2;4;3;5;4;3;3;2;4;2;2;2;3;2;4;1;4;3;2;4;4;2;2;4;3;3;4;3;2;3;1;2;4;2;2;1;1;2;4;4;3;5;4;3;4;3;1;7;4;2;;Nein;Gruppenzugehörigkeit/bewertung;1;22;5;2;;1;;6127;8;110;117;57;;;;60;22;12;1686;;11.04.2017 14:07;1;0;12;12;1;1;1,18;22
64;;;base;interview;11.04.2017 12:22;Leben als Handelspartner der beiden anderen Kulturen;5;4;5;1;1;6;6;5;4;3;2;2;1;4;1;1;3;3;3;3;3;3;3;3;3;3;3;3;3;3;3;3;3;3;3;3;3;3;3;3;3;3;3;3;3;3;3;3;3;3;3;3;3;3;3;3;2;1;3;Nein;Nein;Ob Identifikation mit einer Gruppe zur systematisch anderen Beurteilung einer genauso unbekannten Fremdgruppe führt.;2;25;5;2;;1;;5885;5;46;131;20;24;;;;59;10;1595;;11.04.2017 14:05;1;0;12;12;0;0;1,66;38
67;;;base;interview;11.04.2017 12:41;schwierige Lebensumstände, stark ausgeprägte Rohstoffgewinnung mittels Minen, Kulturelles Leben welches dem einer Großstadt entspricht: sehr laut, eng, voll. Die Freizeit ist sehr beladen mit lasterhaften Tätigkeiten, um die Seele von den rauen Arbeitstagen und der tristen Umgebung zu reinigen.;2;2;2;2;1;1;5;4;3;1;1;1;5;1;1;2;2;4;1;2;4;4;3;4;4;2;2;4;3;5;2;3;5;5;1;2;3;2;1;2;4;4;4;4;4;4;2;4;3;5;2;2;5;5;1;1;2;1;1;nein;nein;Eigengruppen gegen Fremdgruppeneinschätzung ohne faktische Grundlage (Vorurteile);2;18;5;2;;1;;2979;5;186;109;65;73;;;;35;12;3464;;11.04.2017 13:39;1;0;12;12;0;0;1,1;12
69;;;base;interview;11.04.2017 13:41;"Kooperation mit umliegenden grünen Arealen, Leben abgegrenzt aber in Kommunikation mit den Bewohnern der andersfarbigen Arealen
";2;4;4;3;1;4;6;2;5;2;4;4;6;6;2;3;1;5;2;1;1;1;2;5;4;1;5;5;5;5;5;4;3;5;3;2;1;5;1;1;2;1;1;5;5;2;4;3;4;5;3;5;4;5;2;3;5;4;3;Nein;Nein;Abgrenzung der Eigengruppe von Fremdgruppen untersuchen?;1;20;5;2;;1;;1100;2;64;90;35;;;46;;23;13;1373;;11.04.2017 14:04;1;0;12;12;0;0;1,81;46
70;;;base;interview;11.04.2017 13:42;Das Leben dort könnte ländlicher sein. Man könnte meinen, dass sich dort weniger Zugang zum Wasser befindet;4;3;3;2;1;2;5;3;5;1;3;4;4;5;3;1;2;2;2;2;2;3;2;3;3;4;3;4;3;4;3;3;3;3;2;3;3;3;3;3;3;4;3;2;3;2;3;3;4;2;4;3;4;3;3;1;1;2;2;man könnte die Bereiche mit Bereichen der Weltkarte vergleichen;nein;ob wir erfinderisch sind, oder versuchen, den Planeten mit einem uns bereits bekannten Planeten zu vergleichen;1;19;5;2;;1;;1121;7;84;135;73;61;;;;65;10;1556;;11.04.2017 14:08;1;0;12;12;0;0;1,11;9
72;;;base;interview;11.04.2017 14:22;Ich denke dass es ein sehr ruhiges Leben ist mit viel Zeit in der Natur;4;3;2;2;2;3;2;5;4;2;5;2;5;2;5;3;1;5;1;2;4;1;2;3;4;3;4;3;5;3;3;4;3;5;2;4;2;3;2;2;5;2;2;4;3;3;4;2;4;4;4;4;2;5;2;4;1;4;3;Ich habe mich der grünen Gruppe zugehöriger gefühlt ;ja;Gruppenzugehörigkeit testen ;1;25;5;2;;1;;698;2;37;76;35;39;;;;37;10;934;;11.04.2017 14:37;1;0;12;12;0;0;2,05;55
73;;;base;interview;11.04.2017 14:22;Ich stelle mir das Leben dort wie ein Märchen mit Feen und viel, viel grüne Natur vor;5;1;3;1;1;1;5;4;5;2;4;3;2;4;1;4;1;5;1;1;5;3;1;1;5;1;5;5;5;5;4;4;3;5;3;1;1;2;1;1;5;1;1;1;5;1;5;5;5;5;4;5;1;4;1;1;2;1;3;nichts besonderes;Nein, bis jetzt nicht;Wie identifiziere ich mich mit einer Gruppe, wie findig ist meine Fantasie, bin ich abergläubish;1;20;5;2;;2;bulgarisch;2337;9;82;166;80;62;;;;109;30;2859;;11.04.2017 15:10;1;0;12;12;0;0;0,8;3
75;;;base;interview;11.04.2017 14:38;Wir sind ähnlich wie die anderen aus den grünen Bereichen und führen eine spannende Lebensweise. Wir haben schöne Natur und sind im Zentrum aller schönen Sachen.;3;3;2;4;1;1;3;3;1;1;1;4;3;2;1;3;1;3;3;1;2;1;1;3;1;1;5;5;5;5;5;5;5;5;1;2;2;2;2;1;3;1;1;3;2;2;2;1;3;1;3;1;2;3;2;2;6;4;1;nein;nein;Wir müssen uns entscheiden, wie sehr uns mit der folgenden Gruppe identifizieren, wenn wir am Anfang schon die Instruktionen bekommen haben, dass genau dieser Areal unser ist. Zugehörigkeit zu einer Gruppe. Ingroup vs. Outgroup;1;22;5;2;;2;Bulgarisch;1383;8;77;153;45;;;75;;112;30;1867;;11.04.2017 15:09;1;0;12;12;0;0;0,92;5
76;;;base;interview;12.04.2017 09:47;Ich denke nicht nur der grünen Areal sondern alle Arealen sehen sehr trocken und kalt aus. Der grünen Areal finde ich mehr geeignet zu leben als andere weil der weniger Kraters hat. Aber ich kann mir nicht richtig das Leben darin vorstellen, weil es keine Dinge nötig für Überleben gibt. ;2;3;3;4;1;4;2;2;4;1;2;2;4;4;3;4;2;4;2;2;3;3;2;4;5;3;4;4;3;2;4;3;3;4;3;4;3;1;3;4;2;3;4;4;2;2;4;5;2;4;4;4;4;2;4;1;1;2;2;Nein;Nein niemals;Vielleicht wie ich mich selbst identifizieren;1;18;2;2;;2;Südkorea;7930;8;289;187;93;58;;;;54;30;2003;;12.04.2017 12:11;1;0;12;12;0;0;0,72;4
77;;;base;interview;12.04.2017 09:48;"Sicher
";1;1;1;1;1;1;1;1;2;1;1;1;1;1;1;1;1;1;1;1;1;1;1;1;1;1;1;1;1;1;1;1;1;1;1;1;1;1;1;1;1;1;1;1;1;1;1;1;1;1;1;1;1;1;1;1;4;3;1;;;;2;24;5;2;;1;;10001;7;46;158;28;;51;;;5;17;1612;;12.04.2017 12:40;1;0;12;12;4;4;1,44;81
78;;;base;interview;12.04.2017 09:49;Klima vielleicht sehr extrem, mit mangelhaftem Wasser und natürlichen Ressourcen. Dort würde man ein hartes Leben führen. Viel Handel mit den anderen Regionen wäre praktisch und sinnvoll.;4;2;2;2;2;2;2;6;3;2;2;3;4;6;2;2;4;4;2;2;4;5;5;5;1;4;4;4;3;5;2;4;5;2;2;1;1;5;2;2;2;2;2;4;5;4;4;3;4;2;4;2;1;3;2;4;4;4;2;Die Impression der eigenen Gruppe verglichen mit der einer anderen Gruppe.;Ja. Es ging aber um die Verkopplung und Beurteilung der Gesichter, die mit unmoralischen bzw. neutralen Täten assoziiert wurden.;Wahrnehmung der Eigengruppe und die Einstellung zu einer Out-Group. Vielleicht auch Selbstkonzept?;1;22;6;2;;2;Taiwan;7774;12;266;178;58;;107;;;384;31;2023;;12.04.2017 12:16;1;0;12;12;0;0;0,51;0
79;;;base;interview;12.04.2017 09:50;"Im grünen Areal ist es warm und es gibt viele Pflanzen dort. Die Bewohner leben friedlich miteinander. Moderne Technik gibt es dort nur beschränkt.
";4;3;5;5;3;4;5;5;6;3;5;3;6;5;2;2;1;5;1;1;1;1;1;4;5;1;5;5;5;5;5;5;4;5;1;1;1;4;1;1;1;1;1;4;5;1;5;5;5;5;5;5;4;5;1;2;2;3;5;Nein;Nein;Identifikation mit/Feindseligkeit gegenüber Fremdgruppen;1;20;5;2;;1;;10340;6;116;114;42;64;;;;47;15;1704;;12.04.2017 12:49;1;0;12;12;0;0;1,04;8
80;;;base;interview;12.04.2017 09:50;das Land ist fruchtbar und man lebt von der Landwirdschaft;4;2;4;4;2;4;5;4;5;3;5;4;5;5;5;3;2;4;2;2;3;2;2;2;2;2;4;4;4;4;4;4;3;2;2;3;2;4;4;4;3;4;4;4;3;2;3;4;4;3;2;4;3;2;4;2;6;3;2;es gab keine vorherige Beschreibung der Areale auf dem Planeten, was mich etwas verwirrt hat;nein;Vorurteile gegenüber anderen Gruppen und die positive Bewertung der eigenen Gruppe;1;19;5;2;;1;;10303;7;65;119;42;;;65;;79;17;1694;;12.04.2017 12:48;1;0;12;12;0;0;1,01;8
81;;;base;interview;12.04.2017 09:53;Ich stelle mir das Leben im grünen Bereich des Planeten isoliert und klimatisch warm und trocken vor.;2;5;3;5;1;3;6;3;2;1;5;4;3;4;2;3;3;4;1;2;3;2;2;4;4;4;3;3;2;5;2;2;3;4;2;4;4;4;2;3;4;4;4;3;2;3;4;4;5;3;3;4;3;2;4;2;1;3;3;Man musste einzig auf Grundlage der Lage des Lebensraumes von Menschen deren Eigenschaften beurteilen.;Nein;Ich denke das Ziel dieser Studie war, vorgeprägte Meinungen über Menschen verschiedener Erdteile durch Andeutung der Kontinente auf einem fiktiven Planeten zu erforschen.;2;18;5;2;;1;;7915;3;88;120;75;69;;;;142;15;1812;;12.04.2017 12:13;1;0;12;12;0;0;0,97;9
82;;;base;interview;12.04.2017 09:53;Es könnte ein hartes Leben sein. Der Planet sieht sehr unfruchtbar aus und man muss ihm alles was man zum Leben braucht mühselig abringen. Vielleicht gibt es keine Atem bare Atmosphäre und man ist gezwungen in geschlossenen, lebenserhaltenden Arealen zu leben, die man nicht verlassen kann.;5;3;3;2;2;3;6;3;5;4;4;2;4;3;2;4;3;5;3;3;2;3;2;2;4;1;4;5;4;5;5;5;4;4;3;3;4;5;4;3;2;4;4;3;4;2;5;4;4;5;5;4;4;3;4;3;3;2;2;Man musste sich in eine völlig unbekannte Situation versetzen, ohne irgendwelche Informationen zu haben. Alles was man wusste war, dass man auf einem fremden Planeten in der grünen Region lebt. Der Rest war der Fantasie überlassen.;Nein;das hineinversetzen in eine für einen unbekannte Situation.;2;20;5;2;;1;;7891;6;150;106;56;;63;;;139;13;1833;;12.04.2017 12:13;1;0;12;12;0;0;0,86;2
83;;;base;interview;12.04.2017 09:53;friedlich, ruhig, entspannt;3;2;4;3;5;3;3;4;4;4;4;3;3;4;2;3;3;2;4;2;3;4;4;4;2;2;3;3;3;4;2;2;2;4;4;3;3;3;1;2;3;3;5;1;4;1;3;4;3;4;3;4;3;4;4;2;2;3;4;fragen zu Einstellung und bestimmte Merkmale einer Person;nein;Frage nach dem Zsm. Leben unter- und miteinander ;2;20;5;2;;1;;7873;1;43;28;26;35;;;;95;16;1544;;12.04.2017 12:08;1;0;12;12;0;0;1,84;75
85;;;base;interview;12.04.2017 09:54;"Monoton
Aufgrund harscher außenbedingungen keine Natur
Technisch sehr fortgeschrittener Alltag";4;2;4;2;1;3;5;3;2;1;2;3;2;3;1;2;2;4;2;3;2;1;1;4;5;4;3;2;3;4;2;2;4;5;2;4;2;4;4;2;2;2;2;2;2;2;4;4;4;2;4;4;2;2;4;2;8;3;2;Ich wusste nicht was der Sinn dahinter ist;Nein;Ich muss ehrlich sagen dass ich mir bezüglich des Zieles dieser Studie nicht im klaren bin;2;19;5;2;;1;;7823;6;70;108;38;;;;42;77;15;1656;;12.04.2017 12:10;1;0;12;12;0;0;1,15;13
86;;;base;interview;12.04.2017 12:16;Zentrale Lage erlaubt kurze Wege zu anderen Arealen;1;2;4;4;2;2;5;5;3;2;4;4;4;4;2;2;1;5;1;2;2;1;1;3;5;2;4;3;4;4;4;4;3;3;2;1;3;3;3;3;3;3;3;3;3;3;3;3;3;3;3;3;3;3;3;3;7;1;3;Gruppen nie definiert, also nicht charakterisierbar;ja, Studie zu fiktiver Gruppenzugehörigkeit an der FSU;Wunschvorstellungen zu Charaktereigenschaften im Umfeld;2;27;5;2;;1;;67;4;75;94;56;;;;43;132;13;484;;12.04.2017 12:24;1;0;12;12;0;0;1,47;76
87;;;base;interview;12.04.2017 12:16;Das leben würde sich relativ gut gestalten, das grüne Areal liegt mittig zwischen den anderen Arealen .;4;5;5;6;3;5;5;4;6;4;5;5;5;5;4;4;1;3;2;2;2;2;2;2;3;2;4;4;4;3;4;4;3;5;3;1;3;4;2;3;2;2;2;3;3;2;2;3;3;4;4;4;3;2;2;2;8;3;2;nein;nein;durch Gruppenidentifikation herauszufinden wie andere Personengruppen eingeschätzt werden;1;19;5;2;;1;;47;8;99;101;48;;;;71;80;19;473;;12.04.2017 12:24;1;0;12;12;0;0;1,27;67
88;;;base;interview;12.04.2017 12:18;Das Leben in dem grünen Bereich des Planeten stelle ich mir angenehm vor. Wälder , Pflanzen (grün besiedeltes Gebiet) und Tiere. ;2;2;4;4;1;3;3;4;4;2;5;4;5;4;2;2;1;5;1;1;3;1;3;2;3;3;4;4;4;5;3;4;2;2;2;1;1;3;2;1;3;2;2;3;5;2;4;3;4;3;3;4;3;3;2;2;2;2;3;Nein;Nein;Assoziation mit Farben. Charaktereigenschaften durch fabassoziation;1;22;5;2;;1;;987;2;163;157;58;63;;;;63;19;1512;;12.04.2017 12:43;1;0;12;12;0;0;1,24;17
89;;;base;interview;12.04.2017 12:18;"warmes Klima, drei unterschiedliche ""länder"" die miteinander (handel)Beziehungen haben";3;2;2;3;3;3;4;5;3;2;3;3;3;3;2;2;2;4;2;2;3;2;2;3;4;3;4;4;4;4;3;4;3;4;2;3;2;4;2;3;3;2;3;3;3;3;4;4;4;4;4;3;2;4;3;3;3;1;4;"Darstellung als verschiedene"" länder"" und unterschiedliche ""kontinente "" wie auf der erde";nein;fantasie sich andere planeten vorzustellen, Ähnlichkeit mit jetztiger gesellschaft;1;22;5;2;;1;;990;4;109;157;70;;72;;;127;18;1547;;12.04.2017 12:44;1;0;12;12;0;0;0,99;6
90;;;base;interview;12.04.2017 12:27;"feucht, belebt, viele Lebewesen, viel Wald
";3;2;2;4;1;3;6;2;2;1;4;4;4;2;1;2;3;3;3;3;3;3;3;3;3;3;3;3;3;3;3;3;3;3;3;3;3;3;3;3;3;3;3;3;3;3;3;3;3;3;3;3;3;3;3;3;1;1;3;Fragen haben keinen wirklichen Bezug zu Leben auf anderem Planeten;nein;Gruppenzugehörigkeit, Identifikation etc.;2;23;5;2;;1;;472;3;39;125;72;32;;;;64;13;820;;12.04.2017 12:41;1;0;12;12;0;0;1,74;40
91;;;base;interview;12.04.2017 12:27;#NAME?;1;3;3;4;4;4;6;4;5;4;4;4;4;5;5;3;1;5;1;1;1;1;2;1;3;1;5;5;5;5;4;5;2;5;1;5;1;5;2;3;2;2;2;3;3;3;4;5;5;4;3;5;2;4;3;2;1;3;4;Es wurden nur Fragen zu blau und grün gestellt. Außerdem sind es Charaktereigenschaften eines jeden Menschen;Nein;Eine Vorstellung zu gewinnen, wie ein anderer Planet aussehen könnte;2;21;5;2;;1;;471;4;36;83;39;55;;;;60;10;758;;12.04.2017 12:40;1;0;12;12;0;0;1,76;41
92;;;base;interview;12.04.2017 12:27;Hier sind Hydrokulturen untergebracht, die die Nahrung für die Bevölkerung herstellt. Auch verschiedene Zierpflanzen zur Verschönerung der Umgebung, werden hier gezüchtet.;6;2;5;5;1;3;6;1;5;1;1;2;5;2;2;2;2;5;1;2;4;1;1;4;4;5;2;1;4;5;1;4;5;2;1;1;2;4;4;1;2;1;1;1;1;3;5;4;5;5;5;5;3;4;3;2;2;4;2;Es musste nur die Sichtweise von einer Siedlung aus beschrieben werden. Es gab keine Möglichkeit andere Siedlungen zu beschreiben. Auch wurde der gelbe Bereich nicht im Fragebogen angesprochen.;Nein.;Eventuell soll das Zugehörigkeitsgefühl und die Abgrenzung zwischen anderen Bereichen analysiert werden. Wie werden Abneigungen zwischen den einzelnen Bereichen und Institutionen vermieden, bzw. wie entstehen diese.;2;21;5;2;;1;;3215;4;85;91;47;57;;;;197;15;3711;;12.04.2017 13:29;1;0;12;12;0;0;1,04;10
93;;;base;interview;12.04.2017 12:28;"Es gibt nur minimale Schwerkraft, die gesamte Infrastruktur ist vertikal angelegt.
Es ist eine technologisch sehr weit fortgeschrittene Gesellschaft, Konflikte innerhalb der Gesellschaft gibt es kaum; Probleme treten nur im Kontakt mit anderen Zivilisationen auf.";4;5;2;1;2;6;3;1;5;2;5;2;6;4;3;5;3;5;4;1;1;2;4;1;2;2;5;5;5;4;5;5;4;4;4;1;5;1;5;5;5;5;5;4;1;5;1;1;1;1;1;1;1;1;5;5;3;5;1;Es waren nur menschliche Charaktereigenschaften?;Nein;"Minimal Group Paradigm, sogar losgelöst vom ""Menschlichen""?";2;21;5;2;;1;;4596;4;175;86;39;;39;;;104;10;1757;;12.04.2017 13:52;1;0;12;12;0;0;1,15;15
94;;;base;interview;12.04.2017 12:29;"Ich stelle mir vor, dass es viele Pflanzen gibt und alles sehr grün aussieht.
Darüber hinaus denke ich, dass es sich eher um ländliche Strukturen handelt, wenig Menschen dort leben und es sehr idyllisch ist.";6;5;5;4;2;4;6;4;6;1;5;4;6;4;4;2;1;4;2;1;3;2;2;3;3;2;3;4;3;4;4;3;1;4;2;2;1;3;1;1;1;2;1;4;4;1;4;4;4;4;3;4;1;4;2;2;1;3;4;"Es wurden zu Beginn verschieden farbige Punktgruppen gezeigt, zu welchen bestimmte Eigenschaften zugeordnet werden sollten.
Außerdem waren die Eigenschaften, welche zugeordnet werden sollten, bei beiden ""Planeten"" gleich.";Nein.;Ziel könnte es sein zu herauszufinden, welchen Einfluss Farben bei der Zuordnung von Eigenschaften haben.;1;23;5;2;;1;;367;4;98;95;41;40;;;;290;15;748;;12.04.2017 12:45;1;0;12;12;0;0;1,39;28
95;;;base;interview;12.04.2017 12:41;"Ich stelle mir vor in einer Gemeinschaft von Freunden und Familie zu leben, jeder kann verschiedene Aufgaben wahrnehmen und wir teilen all unsere Güter innerhalb der Gemeinschaft, mit den anderen ""Grünen"" haben wir einige Tauschgeschäfte vereinbart, die dazu führen, dass es kaum Mangel an einzelnen Dingen gibt. Meist sind wir unter uns, stehen aber auch im Kontakt zu anderen Gemeinschaften, sowie Arealen (gelb und blau). Wir treffen Entscheidungen gemeinsam und sind frei uns auch anderen anzuschließen, deren Konzepte wir evt. den unseren bevorzugen. Ich stelle mir unser Leben sehr harmonisch vor.";5;2;5;2;1;5;5;4;4;1;3;1;4;4;2;1;1;5;2;1;3;1;1;2;4;3;4;4;4;4;4;5;1;5;1;3;1;3;3;1;3;1;1;3;5;1;5;4;4;4;5;5;3;4;2;2;2;5;4;Es wird eine fiktive Gruppenzugehörigkeit illustriert, die mein Bild über meine und andere Gruppen beeinflusst.;Ja;Ich denk, dass sie Studie erzielt etwas über Gruppenzugehörigkeiten herauszufinden und wie wir uns eine Meinung über In- und Outgroup bilden.;1;20;5;2;;1;;2592;11;342;190;81;85;;;;153;20;3474;;12.04.2017 13:38;1;0;12;12;0;0;0,59;0
96;;;base;interview;12.04.2017 12:41;Dies ist der einzige Bereich auf dem Planeten, in dem Vegetation existieren kann, da es dort fruchtbaren Boden gibt. Die Lebewesen dort sind freundlich und hilfsbereit, da Nahrungsmittel im großen Ausmaß vorhanden sind. In dem Bereich haben sich die Lebewesen an das Umfeld angepasst, in dem sie den ganzen Tag Nahrungsmittel aufnehmen und keinen Schlaf benötigen. Der Bereich ist von einem friedlichen Miteinander geprägt.  ;2;2;3;2;2;4;6;4;4;2;3;3;6;3;3;1;1;5;1;1;1;1;1;4;5;2;3;2;4;2;4;3;3;5;1;4;4;5;5;4;4;4;4;2;2;1;5;5;5;3;5;5;4;3;4;2;1;4;1;Man musste kreativ sein und sich zu einem Bereich auf dem Planeten etwas ausdenken über den man nichts wusste. ;Ja, ebenfalls in einem Computerexperiment. ;Es ging um Gruppenzugehörigkeit. Wenn man sich einer Gruppe zugehörig fühlt, wird diese auch positiv bewertet. Die andere Gruppe wird eher als negativ bewertet. ;1;20;5;2;;1;;2562;5;325;122;52;70;;;;144;15;3295;;12.04.2017 13:36;1;0;12;12;0;0;0,82;1
97;;;base;interview;12.04.2017 12:41;"Die Bewohner des grünen Areals sind vorwiegend im Bergbau tätig und zuständig für die Förderung sämtlicher lebenswichtiger Stoffe aus dem Planeteninneren (denn Mesetecomi ist auf der Oberfläche kahl und unbewohnbar; Wasser, Nahrung etc. befinden sich im Inneren). Im grünen Areal lebt man in großen Biosphäre-Kuppeln auf der Oberfläche, aus denen viele Wege und Tunnel ins Planeteninnere führen, die das grüne Areal auch mit anderen Arealen verbinden.";2;3;4;2;1;3;5;4;4;2;3;1;2;3;3;2;2;4;1;2;1;2;2;5;5;4;4;5;4;5;5;4;3;4;2;2;3;5;3;2;4;1;2;4;4;5;3;5;4;4;5;1;4;5;3;4;1;2;2;nein;nein;?;1;18;5;2;;1;;3188;4;239;117;55;97;;;;111;16;3827;;12.04.2017 13:45;1;0;12;12;0;0;0,84;3
98;;;base;interview;12.04.2017 12:44;"Ich denke, dass es sich hier um ein Berg- und Arbeitervolk handelt. 
Die Personen widmen sich der Viehzucht und haben einen großen Gemeinschaftssinn. Jedoch ist es führ Außenstehende eher schwer in diesem Land Fuß zufassen. Wenn man Mitglied der Gemeinde ist, hat man ein erfülltes Leben mit viel Nachbarschaftskontakt und Freunden. Jedoch ist es gerade zu kälteren Jahreszeiten eher schwierig sich über Wasser zuhalten, gerade in dieser Zeit ist das Gemeinschaftsgefühl und die gegenseitige Hilfe enorm wichtig.";3;2;4;4;1;4;4;3;5;3;3;4;4;3;2;3;3;4;1;3;3;3;2;3;4;2;3;4;4;5;4;2;3;4;1;3;1;4;3;2;2;1;3;3;4;3;4;2;4;2;2;2;3;5;2;2;5;2;4;Nein;Nein;Wie man sich in andere Situationen einfühlen kann. Welche Gruppenzugehörigkeit man hat. Vielleicht auch ob man anhand solcher Szenarien auf Persönlichkeitseigenschaften schließen kann.;1;21;5;2;;1;;1300;14;261;145;86;;;72;;94;15;1987;;12.04.2017 13:17;1;0;12;12;0;0;0,76;0
99;;;base;interview;12.04.2017 12:45;Da das grüne Areal sehr zentral gelegen ist, leben dort eher reiche und gebildete Menschen. Die Bewohner leben sehr luxuriös.;5;2;4;2;1;3;5;4;4;3;5;2;5;4;3;1;4;2;5;4;3;5;3;3;4;2;3;3;4;2;4;4;3;2;5;1;2;3;1;2;3;4;3;2;3;3;3;4;3;5;4;2;3;4;1;2;8;3;2;Ich habe mir selbst eine Vorstellung von den Bewohnern der Areale gemacht, ohne von Vorgaben beeinflusst zu werden und den Fragebogen danach ausgefüllt.;Nein;;1;21;5;2;;1;;2199;6;96;181;78;;;;121;98;20;2799;;12.04.2017 13:31;1;0;12;12;1;1;0,8;2
100;;;base;interview;12.04.2017 12:47;Als Bewohnerin des grünen Areals bin ich Mitglied eines von drei Stämmen. Wir leben friedlich und in Harmonie mit der Natur. Es gibt keine Probleme mit anderen Mesetecomianern und es ist für alles gesorgt. Jeder hat einen Platz und eine Aufgabe.;3;5;4;3;1;2;6;4;6;5;3;3;3;5;2;4;1;4;1;1;3;1;1;5;4;2;4;5;5;4;4;4;1;5;1;2;1;4;1;1;3;1;1;4;4;2;5;4;5;3;4;4;1;5;1;1;2;4;4;;;;1;20;5;2;;1;;2843;6;161;107;35;57;;;;7;16;3232;;12.04.2017 13:41;1;0;12;12;4;4;1,23;67
101;;;base;interview;12.04.2017 12:50;Bergige Landschaft ohne viel Vegetation. Die anderen Areale sind mit einem eintägigen Fußmarsch erreichbar. Die einzelnen Areale sind vergleichbar mit Städten / Gemeinden, wie wir sie auf der Erde haben. Das Leben stelle ich mir nicht allzu anders vor als hier - nur gibt es weniger Menschen als auf der Erde und dadurch ist alles etwas überschaubarer;3;4;2;2;1;4;6;4;4;1;2;2;5;5;2;1;1;5;2;1;2;1;1;3;5;3;4;5;5;5;4;4;3;5;2;2;1;5;1;1;2;1;1;2;3;3;4;4;5;4;4;4;3;5;2;2;6;4;4;nein;nein;weiß nicht;1;22;5;2;;1;;2018;5;160;125;40;;;65;;17;11;2441;;12.04.2017 13:31;1;0;12;12;0;0;1,27;31
102;;;base;interview;12.04.2017 12:50;Das Leben im grünen Areal ist hart und von Entbehrungen gekennzeichnet. Daher sind die Menschen sehr organisiert und konform eingestellt.;6;6;6;6;6;6;6;2;6;6;5;6;6;6;6;6;2;5;2;1;1;1;4;1;2;1;4;5;5;5;4;4;1;1;1;1;1;4;4;4;4;5;5;5;4;5;1;2;2;5;2;1;4;4;4;5;4;2;1;Nein;Nein;Das Einfühlungsvermögen der Testpersonen in Bezug auf außergewöhnliche Situationen zu testen.;2;20;5;2;;1;;1862;5;171;105;52;;92;;;71;15;2373;;12.04.2017 13:30;1;0;12;12;0;0;0,96;4
103;;;base;interview;12.04.2017 13:19;"angenehm, geprägt von Landwirtschaft und Natur, alle Bedürfnisse der Bevölkerung werden gedeckt, Industrie ist höher entwickelt und umweltfreundlich
";2;3;3;3;1;4;6;2;4;1;4;3;5;5;3;5;2;4;1;2;2;1;1;3;4;1;2;4;3;5;4;4;2;4;2;3;1;3;2;1;3;4;2;2;4;1;3;3;5;4;3;5;3;5;3;3;2;4;3;Die gelben Bereiche sind gekennzeichnet, aber es wird nicht nach ihnen gefragt;Nein;;1;21;5;2;;1;;119;7;468;152;60;121;;;;79;21;625;;12.04.2017 13:37;1;0;12;12;1;1;1,01;63
104;;;base;interview;12.04.2017 13:33;Ich stelle mir das Leben öde vor, da es dort nach keiner fortschrittlichen kulturellen Ausrichtung aussieht. Kaum Infrastruktur oder Ähnliches, große weite Ebenen und wenig Pflanzen;4;4;5;3;1;4;3;4;5;4;5;4;3;4;4;3;1;4;1;1;1;2;1;4;4;3;5;5;5;4;4;4;2;5;1;2;3;4;4;3;2;4;4;2;2;2;4;4;4;3;4;4;5;4;4;2;3;1;1;zu der einen Gruppe, die ich beschreiben sollte, habe ich selber gehört, also spiegele ich eigene Merkmale dort wider, wenn ich die Gruppe beschreiben soll;nein;Beurteilungen von Gruppen abhängig von der eigenen Gruppenzugehörigkeit;1;20;5;2;;1;;647;3;64;103;52;;44;;;59;14;986;;12.04.2017 13:50;1;0;12;12;0;0;1,52;26
105;;;base;interview;12.04.2017 13:33;Grünes Areal verbinde ich mit Natur. Vielleicht ist dieses Areal ein einziges Naturschutzgebiet. Hier wird vor allem im Einklang mit der Natur gelebt. Bäume gepflanzt, Früchte geerntet. Ohne der Natur zu schaden.;5;1;5;5;1;4;6;5;2;1;5;5;5;4;2;1;1;5;1;1;2;1;1;2;4;1;5;5;4;5;5;4;2;5;1;2;2;5;2;2;3;2;2;3;4;3;4;4;3;4;4;4;3;4;3;2;1;4;3;Nein. ;Nein.;Einstellung zu benachbarten Gruppen;1;26;6;2;;1;;221;8;143;156;67;75;;;;37;13;720;;12.04.2017 13:45;1;0;12;12;0;0;1,31;40
106;;;base;interview;12.04.2017 13:34;"feucht, viele grüne Flächen/Wälder, wie im Regenwald
viele Tiere, ausgeprägte Fauna";3;3;3;2;2;4;3;4;3;2;5;3;4;3;3;2;1;5;3;2;2;2;1;3;5;2;4;4;4;4;3;4;3;4;2;2;2;4;2;2;2;2;1;2;5;2;4;4;4;4;4;4;3;4;2;3;7;4;3;Wechsel: erst Fragen zu außerirdischem Leben, dann persönl. Fragen, dann beides zusammen;nein;inwiefern ich meinen Wunschplaneten zusammenstellen würde;1;21;5;2;;1;;230;9;74;221;79;;;;84;108;19;824;;12.04.2017 13:47;1;0;12;12;0;0;1,12;33
107;;;base;interview;12.04.2017 13:35;Als Bewohnerin des grünen Areals hätte ich wahrscheinlich sehr viel Freizeit und Langeweile, sofern dieser Teil des Planeten wenig bewachsen, bebaut oder bewohnt wirkt. Andererseits müsste ich mich zu Erst einmal um die Beschaffung von Nahrungsmitteln sorgen, womit ich vielleicht die meiste Zeit beschäftigt wäre.;2;1;1;2;1;2;4;4;6;1;4;1;1;3;2;1;4;4;3;3;5;4;3;3;3;3;5;4;2;5;3;3;4;1;3;2;2;4;2;3;2;2;1;2;5;1;3;3;5;3;4;2;2;4;3;4;1;1;4;Aus der ersten Fragestellung geht nicht eindeutig hervor, was die Aufgabe oder die Fragestellung bedeutet. Die schematische Abbildung des Planeten schränkt dazu die Kreativität ein, da sie homogen und farblos ist, die Fragestellung jedoch daran gebunden zu sein scheint.;Nein.;;1;20;5;2;;2;tunesisch;1591;9;630;278;121;148;;;;314;27;2063;;12.04.2017 14:27;1;0;12;12;1;1;0,47;0
108;;;base;interview;12.04.2017 13:37;Ich denke, dass es im grünen Areal des Planeten angenehm ist, zu leben, da hier auch Pflanzen wachsen und man an einem Hang wohnt. Außerdem gibt es viele Krater in denen sich Seen bilden, die gute Lebensbedingungen schaffen.;5;3;3;2;3;3;5;5;4;3;3;4;5;5;4;4;1;5;1;1;2;1;1;4;5;1;5;5;4;5;5;4;4;4;1;2;2;5;3;1;2;2;1;2;2;1;5;5;5;4;5;5;3;5;3;2;8;3;4;Die Bewohner des gelben Areals wurden nicht mit einbezogen;Ja;Ziel war es, zu untersuchen, wie man sich mit einer Gruppe identifiziert, die so gar nicht existiert. ;1;20;5;2;;1;;419;6;91;93;39;;;;57;88;11;804;;12.04.2017 13:51;1;0;12;12;0;0;1,44;23
109;;;base;interview;12.04.2017 13:38;Das Leben ist gut. Es gibt genug Ressourcen für alle meine Stammesmitglieder. Wir leben in einem kleinen Dorf im Dschungel. Tagsüber werde Früchte von Bäumen gesammelt und nachts zünden wir fackeln an um uns die gefährlichen Laserveloceraptoren vom Leibe zu halten. Wir haben keine Ahnung, dass noch andere Stämme existieren.;2;4;3;3;3;4;5;3;4;2;4;3;4;5;2;4;2;5;2;2;2;1;3;3;4;4;5;4;4;4;2;4;3;4;2;3;1;3;4;1;2;5;2;3;4;3;4;4;4;3;4;4;3;4;1;2;2;5;3;Die gelben Bewohner wurden nicht behandelt. Die Reihenfolge der Items hat sich leicht verändert.;Ich denke nicht.;Weiß ich nicht.;2;20;5;2;;1;;401;4;196;138;45;71;;;;65;10;930;;12.04.2017 13:54;1;0;12;12;0;0;1,36;23
110;;;base;interview;12.04.2017 13:41;"Dorfgemeinschaft in einem großen Wald, aber vielen grünen Wiesen
3 benachbarte Dörfer, gemeinschaftliches Leben";2;3;3;2;1;3;6;5;3;1;4;2;2;3;2;1;2;4;1;1;2;1;1;4;3;4;4;4;5;5;4;3;2;5;2;4;2;3;4;3;4;2;2;2;2;2;3;2;4;3;5;5;2;4;4;5;5;3;2;nein;ja, Studie zu Gruppenzugehörigkeit und Bestrafung;Einschätzung von Gruppen, bei denen man Mitglied ist und bei denen man nicht Mitglied ist;1;20;5;2;;1;;222;2;55;86;45;;;44;;55;11;520;;12.04.2017 13:50;1;0;12;12;0;0;1,9;63
112;;;base;interview;12.04.2017 13:46;Im grünen Areal leben wir im Einklang mit der Natur. Die Landschaft besteht zum größten Teil aus einem Dschungel, und in den Baumkronen bauen wir Baumhäuser, in denen wir wohnen. Da die Vegetation sehr vielfältig und reich ist, wachsen ausreichen Pflanzen, mit denen alle Bewohner des Areals versorgt sind.;1;1;1;1;1;3;3;3;2;1;1;1;5;3;1;4;1;5;2;1;4;1;1;4;5;4;5;4;5;4;3;3;5;5;2;2;1;5;1;1;2;1;1;2;3;2;5;3;5;5;5;5;1;5;1;1;1;4;2;;Ja.;Um das Gefühl von Gruppenzugehörigkeit aufgrund von Zuweisung zu einer Gruppe ohne einen reellen Anhaltspunkt oder Gemeinsamkeiten für diese Zugehörigkeit.;1;19;5;2;;1;;32;2;152;118;60;68;;;;81;13;526;;12.04.2017 13:55;1;0;12;12;1;1;1,48;76
114;;;base;interview;12.04.2017 13:48;"vorteilhaft, da gute Ausgangsposition (zwischen gelb und blau liegend).
";1;4;3;4;1;4;2;4;2;1;3;4;4;4;1;1;1;3;1;1;1;1;1;1;3;1;3;3;3;3;3;3;3;3;1;1;1;3;1;1;1;1;1;1;3;1;3;3;3;3;3;3;3;3;1;1;2;4;4;Immersion: zu- oder Abgrenzung, nur weil sie geografisch dargestellt wurde;Nein;"evtl. Immersionskraft darstellen.
Zu- oder Abgrenzung untersuchen --> Gruppenzugehörigkeitsgefühl/ evtl. kulturelle Bezüge";2;23;5;2;;1;;474;3;63;101;27;69;;;;94;13;844;;12.04.2017 14:02;1;0;12;12;0;0;1,6;31
115;;;base;interview;12.04.2017 13:53;"Relativ ebenes Gelände, daher stehen die Häuser alle auf einer Ebene nebeneinander. Der Aufbau der ""Stadt"" ist ähnlich wie bei uns auf der Erde. ";4;2;4;2;1;2;6;6;4;1;2;1;6;4;2;1;3;3;3;3;3;3;3;3;3;3;3;3;3;3;3;3;3;3;3;3;3;3;3;3;3;3;3;3;3;3;3;3;3;3;3;3;3;3;3;3;5;1;4;Nein;Nein;Untersuchung von Bewertungen der Eigen- und Fremdgruppe;1;21;5;2;;1;;57;7;124;188;63;;;32;;94;14;579;;12.04.2017 14:02;1;0;12;12;0;0;1,29;69
120;;;base;interview;12.04.2017 14:03;Ich stelle mir das Leben als Bewohnerin des grünen Planeten Mesetecomi recht gesellig vor, da mein Areal in der Mitte liegt und somit in Erreichbarkeit zu den Bewohnern der anderen beiden Areale. ;3;4;5;3;1;3;5;4;5;2;5;5;3;5;2;3;2;5;1;2;2;2;1;4;3;4;3;4;3;3;4;3;3;4;2;4;2;4;3;2;2;2;2;2;3;3;4;3;4;4;4;5;3;3;3;3;4;3;3;Es gab wenig Anhaltspunkte und Erläuterungen zu den einzigen Arealen/bzw. Farben. Die Entscheidungen für bestimmte Antworten sind daher sehr frei.;Nein;Heraus zu finden welche Eigenschaften wir bestimmten Farbgruppen zuordnen.;1;20;5;2;;1;;2368;9;131;110;43;;76;;;123;13;2873;;12.04.2017 14:51;1;0;12;12;0;0;0,9;3
121;;;base;interview;12.04.2017 14:03;"Das grüne Areal ist das fruchtbarste des Planeten, weshalb die anderen Areale auch von ihm mit Lebensmittel beliefert werden.
Flora & Fauna gestalten sich sehr grün, Menschen und Tiere leben im Einklang mit der Natur.";2;1;5;2;1;6;2;3;3;1;1;5;2;1;4;1;1;3;4;1;3;2;1;4;4;1;5;5;5;5;5;5;1;4;4;4;1;2;4;2;1;2;2;1;1;1;1;3;5;3;3;3;2;5;3;5;7;3;2;sehr offen, ungewöhnlich;nein;"Identitätsgefühl
Eigen-, Fremdverhalten
Verhalten in  Gruppen";1;20;5;2;;1;;2365;5;389;126;70;;;;78;76;18;2862;;12.04.2017 14:55;1;0;12;12;0;0;0,83;2
124;;;base;interview;12.04.2017 14:57;Als Bewohner des grünen Bereichs ist man vor allem mit allen möglichen Pflanzen beschäftigt. Hier werden neue innovative Getreidesorten, neue Kreuzungen von Obst und Gemüse und die Beobachtung der Entwicklung eines Ökosystems miterlebt. ;2;2;2;2;1;2;4;2;3;1;2;2;3;2;1;2;1;5;4;2;2;2;1;2;3;3;4;4;4;4;3;4;3;5;3;2;2;4;2;2;4;1;2;2;5;1;4;4;4;4;3;3;3;5;4;2;1;4;4;Es war eine Tackerklammer oben rechts, was komisch ist, da der Test im Internet statt findet. Und das Papier ist grau.;Nein.;Herauszufinden, ob man eine unbekannte Gruppe anders bewertet als eine andere, obwohl man beide nicht kennt.;1;19;5;2;;1;;1057;9;134;77;56;50;;;;132;14;1529;;12.04.2017 15:22;1;0;12;12;0;0;1,03;7
125;;;base;interview;12.04.2017 14:57;Das Leben als Bewohner des grünen Areals stelle ich mir sehr aufregend vor. Es scheint so als wären das gelbe und das blaue Gebiet eher in kleinen Kratern/ Tälern gelegen, während das grüne Areal auf einem Berg zu sein scheint. Von dort hat man sicherlich einen großartigen Ausblick, weshalb dort auch die meisten Bewohner des Planeten zu finden sind und es dort drunter und drüber geht.;2;3;5;3;2;5;5;5;5;2;3;1;5;5;1;1;2;5;3;2;2;4;1;2;5;2;5;4;5;4;4;4;4;5;2;2;2;2;3;3;3;5;1;4;4;1;5;4;3;4;4;3;3;2;2;4;2;3;1;Es wurde stets nach Zusammenhängen der Ankreuzmöglichkeiten mit dem eigenen Charakter gesucht.;Nein.;Man möchte herausfinden, inwieweit das Leben in unserer Gesellschaft, unsere Vorstellung von Außerirdischen beeinflusst.;2;18;4;1;;1;;1054;7;260;228;73;119;;;;140;18;1843;;12.04.2017 15:29;1;0;12;12;0;0;0,72;1
128;;;base;interview;18.04.2017 12:08;grün;5;4;4;2;2;3;5;5;5;3;2;3;5;4;2;4;3;5;4;2;4;4;3;4;4;2;4;4;4;5;4;5;4;3;4;1;4;3;5;4;4;4;4;4;3;4;3;3;3;4;3;3;3;3;4;4;5;1;3;dass es natürlich nicht um Leben auf anderen Planeten ging;nein;Identifizierung mit einer oder mehrerer Gruppen;2;27;4;4;selbständig;1;;4191;8;77;147;84;;;89;;111;44;1830;;18.04.2017 13:27;1;0;12;12;0;0;0,74;4
129;;;base;interview;18.04.2017 12:09;"Das Leben in dem grünen Areal ist sehr vielfältig. Hier leben verschiedenste Wesen alle zusammen. Zu den anderen Arealen besteht auch Kontakt, aber häufig machen die Wesen des grünen Areals etwas zusammen. Sie können sich über eine besondere Sprache verständigen. Die Farbintensität des ""Grüns"" steht für das Alter. Häufig besteht der Kontakt zu Gleichaltrigen. Jede Woche treffen sich alle Bewohner zu einem Fest auf dem sie Tanzen.";3;5;3;3;1;2;5;3;2;1;2;3;5;5;2;2;2;5;1;1;2;1;1;4;5;3;5;5;5;4;4;4;3;5;1;2;2;4;1;1;2;2;1;4;4;2;4;4;5;5;4;5;3;4;1;2;1;4;4;;Nein;Soziale Einstellungen zu anderen Gruppen und die Wahrnehmung der eigenen Gruppe (dieser schreibt man häufig positivere Eigenschaften zu?);1;21;5;2;;1;;5606;6;289;153;54;63;;;;49;11;1925;;18.04.2017 13:53;1;0;12;12;1;1;0,94;7
130;;;base;interview;18.04.2017 12:10;Gegeben der südlichen Ausrichtung würde ich Parallelen zu den südlichen Ländern unserer Erde ziehen. Somit wäre das Leben ruhiger, ländlicher (außerhalb der Metropolen) geprägt von dem warmen Klima. ;3;1;2;2;2;2;2;4;2;1;2;2;5;2;2;4;2;4;1;2;3;2;3;2;4;3;1;3;3;4;2;2;4;3;1;3;2;4;2;1;3;2;3;2;2;2;2;4;3;4;2;2;2;2;2;4;2;3;2;Meiner Meinung nach sollten Voreinstellung zu der Vorstellung von Persönlichkeit nach geografischer Lage abgefragt werden. So stellen die unterschiedlichen Farbbereiche unterschiedliche Teile der Erde da.;nein;"Vorurteile welche mit der Variable ""kognitive Flexibilität"" verglichen werden";2;24;6;2;;1;;5629;5;138;105;63;62;;;;127;13;1813;;18.04.2017 13:52;1;0;12;12;0;0;0,89;3
131;;;base;interview;18.04.2017 12:10;Als eine Herausforderung, da dieser Planet sehr trist aussieht und es wahrscheinlich schwer ist an lebenswichtige Ressourcen zu kommen. ;6;2;5;6;1;6;4;5;5;2;2;6;5;6;1;1;1;5;1;1;1;1;1;1;5;1;5;5;5;5;5;5;1;5;1;1;3;4;4;4;1;5;1;3;3;1;4;4;5;4;4;5;1;5;4;1;8;1;5;Ich kann ihn nicht verstehen. Es macht für mich keinen Sinn Personen aus einem Areal zu bewerten, wenn ich gar keine Informationen über diese besitze. ;nein;???;2;20;5;2;;1;;6125;8;274;139;36;;;;79;127;12;1975;;18.04.2017 14:03;1;0;12;12;0;0;0,82;4
132;;;base;interview;18.04.2017 12:10;Friedlich, viel Natur, ruhig ;3;4;2;3;2;3;5;4;4;2;3;3;4;3;3;4;2;4;1;2;1;1;1;3;4;4;4;4;4;5;3;3;2;4;1;4;4;4;2;3;4;2;2;2;2;3;4;5;5;4;4;4;3;2;4;2;1;4;3;Nein;Nein;Wie wir die eigene Persönlichkeit im Vergleich zu anderen wahrnehmen;1;23;5;2;;1;;6152;10;134;161;82;93;;;;91;14;1885;;18.04.2017 14:02;1;0;12;12;0;0;0,72;0
133;;;base;interview;18.04.2017 12:11;Ausgehend davon, dass dieser Areal in der nähe zu dem Pol liegt, muss das Leben da ziemlich kalt sein (Aber im Prinzip alle Areale liegen irgendwie nah zu den Polen). Das bedeutet, dass es wird höchstwahrscheinlich schwer irgendwas zu pflanzen, man braucht warme Kleidung und die voraussichtliche Lebensbedingungen müssen bei der Bau der Wohnungen/Laboren/etc. berücksichtigt werden. ;3;4;2;1;4;2;2;3;4;2;4;3;6;2;1;5;4;3;4;4;5;4;3;3;5;4;4;2;2;3;2;2;2;2;5;4;3;3;4;2;4;3;2;2;2;2;3;4;3;4;3;3;4;3;4;4;6;3;4;Es war ein bisschen unklar, wenn es um das grünen Areal ging, da es mehrere Farbtonen gab, was führte zu der Unsicherheit bei der Antwort.;Nein.;Ausgehend davon, dass es um die Sozial- und Verhaltenswissenschaften geht, das Ziel ist höchstwahrscheinlich die Schaffung eines Musters von der Art und Weise des Denkens bei den Menschen, die über das leben auf den anderen Planeten träumen. Dazu gehören auch Theorien über Gründe und Schätzungen solcher Verhaltensweise.;2;23;5;2;;2;Estland;3628;6;331;206;61;;;104;;325;27;2110;;18.04.2017 13:29;1;0;12;12;0;0;0,58;0
134;;;base;interview;18.04.2017 12:11;grün, viele pflanzen, viel Vegetation, viele Tiere, wenig vom menschen beeinflusst;3;5;5;2;2;6;6;5;6;3;6;6;5;6;5;6;1;4;1;1;1;1;1;1;4;3;4;4;5;4;4;3;2;5;1;4;3;4;4;1;3;2;1;4;2;2;4;5;5;2;5;5;3;4;5;1;7;4;4;"es wurden zuvor keine Informationen zum leben auf den Planeten gegeben außer die farbe.
ich musste also aufgrund von farben mir charackterzuüge vorstellen.
es wurden keine fragen über das gelbe Areal gestellt";nein;keine weiteren gedanken;2;22;5;2;;1;;6094;4;37;105;42;;;;73;71;16;1648;;18.04.2017 13:58;1;0;12;12;0;0;1,28;22
138;;;base;interview;18.04.2017 13:41;Aufregend, Informativ, Lustig;2;3;4;1;1;4;4;2;2;2;4;2;5;3;1;2;1;4;1;2;2;1;1;1;4;2;4;5;4;5;5;4;4;5;2;1;1;4;2;1;1;1;1;1;4;1;4;4;4;3;5;4;3;4;2;2;6;4;3;Der Fragebogen und die vorgestellte Situation ist sehr abstrakt. Einen Bezug zu den gezeigten Lebensbereichen herzustellen fällt schwer. Es sind reine Gefühlsentscheidungen.;Nein;"Einstellungen zu ""fremden"" Welten dar zu stellen.
";2;21;5;2;;1;;1274;9;61;84;41;;;63;;176;9;1717;;18.04.2017 14:10;1;0;12;12;0;0;1,19;15
139;;;base;interview;18.04.2017 13:42;"viele Pflanzen
wenig Menschen
teilweise Wüste
Armut";3;3;4;4;2;3;4;5;6;2;3;4;5;4;4;2;3;4;2;1;2;2;2;2;4;2;4;5;4;5;5;2;3;5;1;3;3;5;4;3;4;4;2;4;4;2;4;4;4;4;5;4;3;2;5;2;1;2;4;Areale der Planeten ähnlich zu Weltkarte angeordnet;nein;Einstellungen/Vorurteile gegenüber anderen Ethnien ;1;25;6;2;;1;;97;4;32;87;72;52;;;;57;14;415;;18.04.2017 13:48;1;0;12;12;0;0;1,67;91
140;;;base;interview;18.04.2017 13:53;Voller Pflanzen, mit verschiedenen Vegetationszonen, eine eher mit Möglichkeit zum Selbstversorgerleben, die andere mit grünen Wiesen und Bergen und die andere mit einem Dschungel;6;2;4;4;2;2;6;4;6;2;5;3;5;2;3;3;2;5;2;2;2;1;2;3;5;2;4;5;4;5;4;4;2;5;2;4;3;5;5;4;3;4;3;3;2;2;4;5;5;4;5;5;3;3;5;1;4;3;3;warum wurde sich am anfang nur eine Vorstellung für das grüne Areal eingeholt und nicht für die anderen?;nein;#NAME?;1;21;5;2;;1;;550;2;109;88;48;;67;;;97;13;974;;18.04.2017 14:09;1;0;12;12;0;0;1,5;25
141;;;base;interview;18.04.2017 13:55;Etwas wärmer als in den anderen Arealen, da es südlicher gelegen ist (wenn man von dem Erdklima ausgeht). Entspannte Atmosphäre, geregelter Alltag und feste Arbeitsstellen. Könnte sein, dass das ein Wohnareal darstellt.;1;3;4;2;2;3;6;2;5;1;4;2;5;2;1;4;1;4;1;1;2;1;1;5;4;3;4;4;4;4;4;3;3;5;1;1;1;5;1;1;1;1;1;3;3;1;5;5;5;5;5;5;1;5;1;1;3;4;2;"Gelbes Areal wurde nicht mit einbezogen.
";;"Vergleich meiner Persönlichkeit zu einer Allgemeinheit herstellen. 
Meine Wunschvorstellung eines Lebens in einem solchen Areal aufzeigen bzw. beschreiben.
Eventuell Gruppendynamik herausfiltern, je nachdem wie viele Personen ähnlich wie ich geantwortet haben.";2;21;5;2;;1;;7256;5;173;136;78;;51;;;137;19;1899;;18.04.2017 16:06;1;0;12;12;1;1;0,8;3
142;;;base;interview;18.04.2017 13:58;Ich stelle mir das Leben als hochmoderne Zivilisation vor in der weder Geld noch übermäßige Arbeitsleistungen mit Mehrwert existieren. Alle Menschen sprechen die selbe Sprache, haben nichts desto trotz eine gewaltige kulturelle Vielfalt und leben in Einheit. Eine Regierung die durch die Bewohner gewählt wurde und nach bestem Wissen und Gewissen regiert regelt das friedliche Miteinander. Jeder hat eine Aufgabe bzw. eine Art Beruf, die schon von Kindheit an bis zum 25. Lebensjahr an verschiedenen Einrichtungen gelehrt wird. Es soll nur darauf hingearbeitet werden, dass die Menschen ihren Beruf und die Gesellschaft lieben, ohne dass Existenzängste aufgebaut werden oder bestimmte Personengruppen gezielt für das Wohl anderer benachteiligt werden. Zudem soll es einen gewissen Standard an Luxusgütern für jeden geben, diese Güter müssen jedoch stets jedem zur Verfügung stehen und gerecht geteilt werden. Auch die Alten haben ihren Platz in der Gesellschaft, werden respektiert und geachtet. Sie sollen die Möglichkeit haben sich auch in hohem Alter an der Gesellschaft zu beteiligen, aber nur sofern sie können und wollen.;3;2;3;1;1;5;6;2;5;2;2;2;6;3;1;2;1;5;1;1;1;1;1;2;5;3;5;5;5;4;5;4;2;5;1;2;1;4;1;1;1;1;1;3;5;1;5;4;4;4;5;4;2;5;1;2;8;4;5;;Nein;;2;20;5;2;;1;;7094;3;425;103;46;;;;46;42;10;1674;;18.04.2017 16:07;1;0;12;12;3;3;1,23;21
143;;;base;interview;18.04.2017 14:12;Ich stelle mir das Leben auf diesem Teil des Planeten relativ öde vor. Es sind keine besonderen Landschaftsbilder zusehen. Ebenfalls ist wenig, bis gar keine Vegetation vorhanden. Dadurch könnte ich mir vorstellen, dass man relativ schnell in eine negative, trostlose Stimmung verfallen kann. ;3;3;5;5;1;5;6;3;3;2;2;3;6;5;2;4;4;2;4;3;4;4;5;3;2;4;2;2;3;2;3;2;4;3;5;4;2;2;3;3;3;2;2;2;3;2;4;4;4;4;5;4;3;4;2;2;2;2;4;Man war seine eigene Fantasie angewiesen, da keine genauen Personenbilder vorhanden waren.;nein.;Die Denkstrukturen der Person zu erforschen, die vor dem Computer saß.;2;20;5;2;;1;;1122;8;158;125;54;132;;;;67;11;1608;;18.04.2017 14:40;1;0;12;12;0;0;0,96;5
144;;;base;interview;18.04.2017 14:12; ziemlich eng;1;2;2;4;2;5;4;3;5;3;5;6;6;5;1;4;2;4;3;2;1;1;4;3;4;3;4;4;4;4;4;4;3;3;4;3;2;2;2;2;2;5;4;5;2;5;2;2;2;2;2;2;2;2;5;2;2;1;2;Nein.;Nein.;Das Ziel dieser Studie ist eventuell die Reflexion seiner eigenen Persönlichkeit  und ggf. der Vergleich  mit etwas Fremden.;2;19;5;2;;1;;1094;4;55;93;38;53;;;;127;16;1480;;18.04.2017 14:37;1;0;12;12;0;0;1,3;18
146;;;base;interview;18.04.2017 14:42;Das grüne Areal befindet sich zwischen dem gelben und dem blauen. Daher kann das Leben bei guten Beziehungen zwischen den Arealen durchaus von Vorteil sein, allerdings ist es aus dem genannten Grund auch gefährdeter, im Falle einer schlechten Beziehung. Sollten die Klimazonen des Planeten denen auf der Erde ähneln, wäre es am schönsten im dunkelgrünen Bereich zu wohnen, denn dann hätte an eine Art subtropisches Klima. Und wenn ich meinen Planeten schon verlassen muss, dann will ich in ein wärmeres Gebiet ziehen.;4;2;1;3;1;5;3;5;2;1;2;4;4;4;1;2;1;4;1;1;2;2;2;5;4;3;3;4;4;2;2;3;5;4;2;3;4;4;4;4;4;4;5;3;3;3;3;2;3;4;4;1;2;1;4;2;3;2;2;"Anfangs fiel es mir schwer mich mit etwas zu identifizieren, was mir vollkommen fremd war. Im Nachhinein habe ich das Gefühl, nach den Farben und der jeweiligen Positionierung zu urteilen. Oben rechts war für mich Russland und meine fehlende Sympathie für die Regierung dieses Landes dürfte sich in den Aussagen widerspiegeln. Generell verbinde ich mit der kalten Farbe ""blau"" und der nördlichen Positionierung kühle und schlechte Eigenschaften. Dahingegen war für mich die grüne Farbe Südamerika. Lebensfreude, Unbeschwertheit, Wärme sind meine ersten Assoziationen gewesen. Vermutlich hat das meine Wahl der Antworten beeinflusst.";Nope;Gute Frage. Ich weiß es nicht. Entweder die Verknüpfung von Farben und Position mit gewissen Eigenschaften oder die Frage, ob man sich zu etwas zugehörig fühlen kann, bloß weil man gesagt bekommt, dass man dazugehört und andersartige Menschen von vorn herein kritischer bewertet, weil sie nicht zur eigenen Gruppe gehören.;1;21;5;2;;1;;2112;5;223;208;122;;93;;;281;12;2795;;18.04.2017 15:33;1;0;12;12;0;0;0,7;2
147;;;base;interview;18.04.2017 14:42;Die neun Farbfelder sind bis auf die Farbe identisch. Ich kann mir keinen Unterschied zwischen den einzelnen Arealen vorstellen.;6;4;3;3;3;4;4;4;4;4;4;4;5;4;4;4;2;3;2;2;2;2;2;2;3;2;3;3;3;3;3;3;2;3;2;2;2;3;2;2;2;2;2;2;3;2;3;3;3;3;3;3;2;3;2;2;1;1;5;Die Farbfelder hatten alle die gleiche Form.;Nein.;Emotionen zu untersuchen die bei gezeigten Farben auftreten?;2;19;5;2;;1;;3551;9;144;144;89;47;;;;85;11;4080;;18.04.2017 15:50;1;0;12;12;0;0;0,87;4
149;;;base;interview;19.04.2017 10:09;#NAME?;3;4;6;3;3;5;6;5;5;2;4;3;4;6;4;2;2;5;2;1;1;4;2;1;1;1;5;5;5;5;5;5;3;4;1;2;2;4;1;1;2;2;1;2;2;1;5;4;5;4;5;4;3;5;2;3;2;4;4;Die Eigenschaften der Bewohner sind den zwei Fragebögen in unterschiedlicher Reihe aufgelistet worden.;Nein, ich haben noch nicht an einer ähnlichen Studie teilgenommen.;Ob die Lage und die Farbe der neuen Orte Einfluss auf unsere Vorstellungen nehmen.;1;19;5;2;;1;;48;9;124;163;68;85;;;;234;18;749;;19.04.2017 10:21;1;0;12;12;0;0;1,01;63
150;;;base;interview;19.04.2017 10:42;"Als Bewohner des grünen Areals wäre ich Teil der Gesellschaft, in der das Recht des stärkeren Gilt, aber nicht totale Anarchie gilt. Es gibt Regeln, die von einer Gruppierung von starken Individuen aufgestellt und durchgesetzt wird, wodurch der Einzelne ein relativ angenehmes Leben führen kann. Menschen, die unterdurchschnittlich schwach sind und sonst keine außergewöhnlichen Fähigkeiten oder Begabungen haben bilden die unterste Schicht der Gesellschaft. Leute die außergewöhnlich stark/talentiert sind, können durch Fleiß und Arbeit schnell aufsteigen. Die stärksten Individuen der Gesellschaft, müssen sich nur bedingt Regeln beugen, was Vorteile aber auch Nachteile mit sich bringt.
";3;3;4;5;1;4;5;5;3;3;3;5;5;4;2;3;3;3;3;1;4;4;5;2;4;3;5;5;5;5;3;4;5;2;3;1;5;5;5;5;5;5;5;5;5;1;5;1;5;4;5;5;5;1;5;1;1;2;1;Selbstgestaltete Gesellschaften;Nein;Gesellschaftswahrnehmung vielleicht ;2;21;5;2;;1;;27;2;276;117;51;51;;;;36;12;572;;19.04.2017 10:52;1;0;12;12;0;0;1,67;87
151;;;base;interview;19.04.2017 10:46;"ES GIBT GENÜGEND WASSER UND ERDE; DIE LEUTE LEBEN HAUPTSÄCHLICH VON DER LANDWIRTSCHAFT- ABER SIE SIND AUF ETWAS IN IHRER WELT GEFANGEN UND HABEN ANGST VOR DEM UNBEKANNTEN: ES GIBT ABER AUCH NOCH EIN ZWEITES VOLK; DAS IN DEN WÄLDERN LEBT IN DIE SICH DIE LANDWIRTE NICHT REINTRAUEN: OBWOHL DIESES VOLK EIGENDLICH SEHR NEUGIERIG SIND; IST ES GEPRÄGT VON EINER KULTUR DER ABSCHOTTUNG:";3;1;5;4;1;2;5;3;6;1;4;3;6;5;1;1;1;4;1;1;1;4;3;4;4;1;3;5;3;5;5;3;3;2;1;4;1;5;4;2;4;3;1;3;4;1;4;5;5;5;4;4;3;5;4;1;4;2;4;"DAS MAN SICH PLÖTZLICH SELBST EINER GRUPPE ZUORDNEN MUSSTE HAT DIE SITUATION ETWAS SCHWERER GEMACHT; WEIL ICH PLÖZLICH NICHT MEHR SO FREI IM ERFINDEN WAR; SONDERN GLEICHZEITIG REALISTISCH UND AUCH POSITIVER FÜR MICH ANTWORTEN WOLLTE:";NEIN;"HERAUSZUFINDEN; Wie Leute über Fremde denken, und wie sie Fremdes kategorisieren würden. Ob sie eher vertrautes nennen, oder etwas, dass ganz anders ist als man selbst.";1;20;5;2;;1;;52;5;186;93;48;;76;;;238;14;712;;19.04.2017 10:58;1;0;12;12;0;0;1,19;66
152;;;base;interview;19.04.2017 10:48;Ich stelle mir vor, dass es in dem grünen Areal viele Wiesen und Wälder gibt und daher viel Land- und Agrarwirtschaft betrieben wird. ;3;2;5;3;2;3;6;2;5;2;4;5;5;5;4;2;1;4;1;1;2;2;1;3;4;2;4;5;4;5;4;3;4;5;1;3;2;4;1;1;1;2;1;3;4;1;4;4;5;4;5;4;4;4;1;2;5;2;4;;;Das Ziel der Studie könnte sein, herauszufinden, wie sich Menschen das Leben auf einem anderen Planeten vorstellen, weil man schon jetzt Möglichkeiten sucht, um auf einem anderen Planeten als der Erde leben zu können.;1;20;5;2;;1;;16;59;88;111;53;;;47;;88;18;427;;19.04.2017 10:56;1;0;12;12;3;3;1,22;68
153;;;base;interview;19.04.2017 11:48;Ich stelle es mir Umweltbewusster und friedlicher vor;4;1;1;2;1;2;5;3;3;1;3;3;3;4;1;1;1;5;1;1;1;1;1;3;5;1;5;4;5;5;4;4;3;5;1;1;1;5;1;2;4;1;2;5;4;4;4;2;4;4;2;5;3;5;1;1;2;3;4;Das man etwas nur nach den Farben bewerten soll;Nein;Zu sehen, wie Menschen auf Farben reagieren und welche Eigenschaften sie Ihnen zuordnen;1;20;5;2;;1;;34;5;59;119;53;74;;;;49;14;407;;19.04.2017 11:54;1;0;12;12;0;0;1,5;76
154;;;base;interview;19.04.2017 11:50;"- viel Grünfläche, teils urwald-ähnlich, teils Wiese, teils normaler Wald
- hauptsächlich entspanntes Leben in Kleingruppen, Sammeln von Nahrung im eigenen Gebiet, wenig Feinde ";5;3;3;2;1;2;5;2;5;1;3;4;2;4;2;1;1;4;2;1;2;2;1;3;3;3;4;4;4;5;4;3;2;4;2;2;2;4;2;2;2;2;2;2;4;2;4;4;4;4;4;4;2;4;2;2;1;4;4;-;nein;Ingroup - Outgroup, Identifizierung mit Ingroup und Abwertung der Outgroup in Abhängigkeit davon, ob man offen gegenüber fremden/unbekannten Personen und Situationen ist ;1;20;5;2;;1;;37;4;112;66;33;43;;;;86;11;392;;19.04.2017 11:57;1;0;12;12;0;0;1,6;80
155;;;base;interview;19.04.2017 11:51;Ich stelle es mir sehr grau vor. Wir würden auch nicht wie Menschen aussehen, sondern wie grüne Punkte, die kein Wasser zum Leben bräuchten. Wir wären eine Gruppe mit unserer Kultur und könnten Fliegen, aber da wir grün sind, haben wir einen besonderen Bezug zur Erde und Natur auf dem Planeten.;1;6;2;2;1;4;3;4;6;4;4;3;4;5;2;3;1;4;2;1;3;1;2;3;4;3;4;5;3;5;4;3;4;4;2;1;4;5;3;2;4;1;1;2;2;1;4;4;4;2;5;5;3;5;3;2;7;3;3;nein ;nein ;Meine Idealvorstellung zu beschreiben und dann gucken ob ich die passenden Eigenschaften zu meinen Vorstellung abzugleichen ;1;21;5;2;;1;;23;16;155;78;48;;;;52;51;13;426;;19.04.2017 11:59;1;0;12;12;0;0;1,38;74
156;;;base;interview;19.04.2017 11:53;Das Leben auf dem grünen Areal gestaltet sich friedlich und ausgewogen. Es herrschen keine großen Klassenunterschiede, die Grundeinstellung ist liberal- demokratisch. Viele Menschen auf diesem Planeten sind künstlerisch interessiert und hören sehr viel Musik. Schulen, Kindergärten und weiterführende Schulen, Projekte etc. sind sehr alternativ gestaltet, jedoch mit dem Ziel, dass jeder seinen Platz in der Gesellschaft findet und einen für sich angenehmen Job erhält.;4;5;4;2;3;4;4;4;5;3;4;2;4;4;2;4;1;4;2;1;1;1;1;2;5;2;4;3;4;3;3;3;3;5;1;4;2;4;2;2;2;1;2;2;3;2;4;3;4;3;3;4;4;4;2;3;2;4;4;Der gelbe Teil des Planeten wurde nicht beachtet. Im Endeffekt sollte man sich seinen idealen Planeten mit seinen Vorstellungen erschaffen, man beschreibt sich quasi selber.;Nein, noch nie.;Schlüsse über den Zusammenhang von Farben und Personen zu erhalten, weil wahrscheinlich viele mit einer Farbe ähnliche Vorstellungen verbinden. Zum Selbstzweck war es auch eine gute Fragemöglichkeit.;1;18;5;2;;1;;56;4;168;176;61;55;;;;160;14;694;;19.04.2017 12:05;1;0;12;12;0;0;1,19;67
157;;;base;interview;19.04.2017 12:01;Es ist ein flaches Land, in dem weitläufige Orte die Herberge fremder Wesen sind. Diese sind friedlich und leben bereits seit mehreren Millionen Jahren zusammen. Sie werden im Schnitt 150 Jahre alt, aber ähneln nicht der menschlichen Spezies.;5;3;2;1;2;4;6;1;2;2;2;1;4;2;2;3;2;5;1;1;2;1;1;2;5;2;5;5;5;5;5;5;4;5;1;3;1;5;1;1;2;1;1;1;5;2;5;5;5;4;5;5;4;5;1;5;6;1;1;Ich habe mich gewundert, was das Bild bei der ersten Frage darstellen sollte. Aber dann habe ich mir einfach etwas ausgedacht. ;Nein.;Herauszufinden, wie schnell man sich einer Gruppe zugehörig fühlt und infolge dessen Vorurteile anderen Gruppen gegenüber verspürt. ;1;18;5;2;;1;;52;6;123;149;59;;;60;;88;14;551;;19.04.2017 12:10;1;0;12;12;0;0;1,22;63
